"Y","X1","X2","X3","X4","X5","X6","X7","X8","X9","X10"
44.9421317552561,0,1.90820356297967,NA,-3.20729690544604,2.70069627260351,1.50669012218714,"Alice - 49",9,-6.98016263713995,1.80380591750145
0.0135549335477102,1,-2.20650437503066,336638.083221415,-0.697771634576274,2.17516817109974,3.68807776272297,"Jessie - 132",9,-11.474362746317,0.36960169672966
0.0882109463118655,1,-1.97615674419264,240281488.436194,-0.569406535620352,3.08632952261227,3.96751095261425,"Sarah - 153",1,-12.36639698317,2.75184677448124
0.0136059508642713,1,-1.61428624644634,323988045707391,-0.680713219819493,5.58247941669647,3.90894407220185,"Amelia - 208",1,-14.411166959211,3.46270981151611
3.54572961369962,1,-4.02497677069938,0.122443435193321,-1.00054126512179,-0.320644568384907,0.945189101621509,"(-<U+203F><U+203F>-) - 1",9,-0.761773178796668,1.54939227644354
0.0645055326242715,1,-3.48842687175608,NA,-4.10814706407586,6.33111070300695,0.428267129696906,"Henry - 36",1,-5.96604261435648,1.46025130432099
13.1766508635201,0,-3.74060279979274,NA,-4.2047934925429,3.43365728222989,0.156608539633453,"Alice - 40",1,-6.28596713855187,3.60061592701823
21.9658942965014,0,-2.09432042446187,1.13502293783478e+22,-1.8498541049127,8.29224955469543,2.91210761480033,"Jessie - 5",1,-2.16243756296479,3.11245523300022
2.27451026373549,0,-0.933534709209868,6904338970414215,-4.03707821043386,6.10641400860547,0.520939825102687,"(-<U+203F><U+203F>-) - 533",1,-23.0825620849466,2.46958895586431
35.9187223133959,0,-4.02240366529665,38201708216823799808,-3.00281603110908,6.89633767674613,1.59980812389404,"Johnny James Yogurt Jr - 118",1,-10.8822374525619,0.402049502357841
0.421326031689776,1,-3.39884848800326,NA,-3.73018278653149,8.24620430430876,0.94361583609134,"Thor - 85",1,-9.19460610609992,2.09362952690572
1.04724156625435,0,-3.74165049122149,NA,-1.0076327549461,0.391699437206653,1.38864228967577,"Jacqueline - 0",9,0.433559850469885,0.570438492111862
6.45150456321811,1,-1.39099040003894,NA,-0.987998630245826,4.04733965924338,3.61975982785225,"Curious George - 226",1,-15.0453013711723,2.01586691755801
1.63816592416179,0,-3.32775240907028,NA,-1.92131213553065,-0.759084690718303,2.5291983904317,"Henry - 69",9,-8.27771423776462,1.9101753057912
0.849067142354438,0,-4.17847771618094,18170054.0433629,-1.83497148184555,2.4341271341606,2.69731569848955,"S C Kennedy - 451",1,-21.2455473471371,2.38733479194343
2.87252426773009,1,-4.28786954613457,NA,1.61031395940513,0.07264847496871,3.88021906185895,"Johnny James Yogurt Jr - 1",9,-0.983019185448491,0.244282978586853
0.410712688678699,0,-2.30680708086805,8631839690795158,-2.45155869329112,5.37896042742441,2.24190598353744,"Orion - 128",1,-11.3045925952195,2.19610908441246
2.18152086373204,1,-2.91491462997282,755812481.007523,-1.54370015101829,3.14868904331425,2.22125009261072,"Orion - 0",1,-0.22939069182898,3.19575871992856
5.38736001642312,0,-2.74688081383707,NA,-1.71564558712272,1.32213276022067,2.97296545095742,"Olivia - 19",9,-4.32450762763423,2.09310605563223
2.02133832242264,1,-2.07322654018293,NA,-3.17985838240394,6.04170697164741,1.48053450975567,"Zach - 69",1,-8.31164285177764,0.78442760836333
1.56691031126944,0,-3.56188355534874,NA,-3.85352067382069,-0.341918274825052,0.686935641802847,"Big Max - 77",9,-8.77011924475786,3.36431733705103
269.744500931672,1,-2.12111453728976,NA,-1.81173393035411,4.85560360705963,2.7793037397787,"(-<U+203F><U+203F>-) - 80",1,-8.96846850547623,0.874023362994194
1.71227114309998,0,-3.54945091989146,17396317.6944299,-4.16324917951356,2.50734389631021,0.568261322565377,"Thor - 41",9,-6.38967267411785,2.37928930576891
0.0129551660927549,1,-2.81532979255788,16414340001200087040,-4.58075213410818,6.4209296059314,0.323642692528665,"Zach - 17",1,-4.10830775243365,2.35125103127211
1.55309490208654,1,-2.34969670272179,NA,-2.85361856388902,3.11002832571377,1.72049462143332,"Marcel the Shell - 172",1,-13.1309211354396,2.26872330158949
1.2269455753082,1,-6.64092211557474,NA,-1.77117949419137,-1.62681510420414,0.32450932636857,"Francine - 0",9,0.0295136109282016,2.66975379828364
0.0602880541898625,1,-4.73101206631569,NA,-0.861375244566378,-0.143555568593695,3.87760069873184,"Cory - 312",9,-17.6519591566554,1.26643192023039
47.068859159327,1,-2.85465562245843,2236.5433118176,-2.52453255988075,1.33281044100488,1.99894816987216,"Thor - 4",9,-2.01352616196515,0.836676671169698
1.58191316919376,1,-2.62959563463816,NA,-3.55346790150669,4.75811225893203,1.21962881460786,"Emily - 114",1,-10.6763047755629,3.24041396193206
0.570222385255916,1,-3.25754682379215,0.0169831019896604,-0.914300781358145,-1.32736865402066,3.64029516186565,"Zach - 265",9,-16.2872737140199,1.609285348095
1.39491262604335,1,-2.94856230444701,5961352522477522944,-0.698232874356549,6.81529892953096,3.69963684678078,"Jessie - 10",1,-3.1096248798421,2.93575842026621
69.4243603281352,1,-3.32225580082743,54705301551248.1,-1.62282005541667,5.3808099582094,2.83484600950032,"Alice - 834",1,-28.8711770773032,1.37222361098975
18.2241650593841,1,-3.50463750199623,99037108928408.3,-1.02015177476665,4.68237663472377,3.50231954921037,"Curious George - 23",1,-4.82249853215633,1.08777150325477
247.93912191781,1,-1.82072752329718,NA,-3.19937091204558,8.50000530901726,1.26806993689388,"Bobo - 448",1,-21.1596480647378,1.03209875803441
3.70140183917535,1,-2.15734982267314,2502284818540384,-3.00242632761105,9.00438924311389,1.7538952967152,"Francine - 100",1,-9.99028965961793,1.08135222550482
314.269105752931,0,-2.38738966271092,409768807.717693,-4.43997242223248,3.96947769676177,0.282689686864614,"(-<U+203F><U+203F>-) - 24",1,-4.85684705807349,3.33898860309273
0.265164888705099,1,-2.30481414319204,NA,-3.21188147468894,5.56059658889847,1.58987330645323,"Moose - 21",1,-4.61185506540497,2.50943981669843
12.6259488055063,1,-2.50411686554182,NA,-1.25056790919137,9.2646265793528,2.94256041292101,"Zach - 4",1,-1.98274642055878,1.24126996006817
35.6938243462833,1,-1.94337103731883,NA,-1.84075003059278,7.35609710600666,2.72524233907461,"Sarah - 75",1,-8.67517912192071,2.59204949066043
84.9468101159227,0,-4.93392704362818,NA,-5.70153125134922,0.142185971482665,0.141771117225289,"Orion - 5",9,2.16921179487639,0.750903487205505
0.342654662994181,0,-2.79474151608563,NA,-2.12116424087302,0.0532598037929947,2.39309267792851,"Jacqueline - 29",9,-5.41391539375022,0.425336794927716
0.063533228759253,1,-3.37611475186866,115229720.820146,-0.593160874894886,3.10690583927904,3.67714574187994,"Orion - 5",9,-2.28723759962227,2.34588314685971
2.91257381079987,0,-2.79950607313892,NA,-0.757475569385667,7.24268545061016,3.9571328740567,"Ferris - 77",1,-8.76164945586995,1.83515095338225
0.836378964092689,1,-1.79530778378945,100955463436661,-0.945722256447164,7.49558811911105,3.74178592395037,"Sarah - 92",1,-9.59983386062244,0.66273555252701
0.067498851975791,1,-3.06782063460187,NA,-1.86234524414661,-0.15899968027236,2.53841810673475,"Moose - 8",9,-2.89739088957629,2.80034769419581
0.604433515248512,0,-2.66852318989033,NA,-2.80017300015538,3.92680550534034,1.59642244502902,"Thor - 69",1,-8.32324511797145,0.250145171768963
0.00508689172145391,1,-1.39802545405753,138799.549993056,-4.46879821172958,1.7197337910761,0.268387957476079,"Francine - 257",9,-16.0307724343959,0.94572925940156
33.3030364189094,1,-2.99061405867281,NA,-3.92978910689606,3.4246203337533,0.587495293468237,"John - 1",1,-1.08863515384727,0.76409522537142
0.914006617476953,1,-2.4280010716624,6210726759741096,-3.56180068710102,5.31846008768168,1.1136226374656,"Amelia - 115",1,-10.7202752919047,1.12756469659507
23.5929600190404,0,-1.80288426001856,NA,-0.977181160290579,6.35582194688106,3.38686367124319,"Amelia - 230",1,-15.1679962867799,0.703369155526161
68.6087448360132,0,-2.49011338282905,237987.843915498,-3.44362519545492,1.95421981963694,1.11750860512257,"Zach - 12",1,-3.53258088821763,0.0592082478106022
1.20402261823852,0,-2.37218753673524,NA,-2.96795557072913,2.34002500077872,1.6172914840281,"John - 281",9,-16.7566165833299,3.08282647840679
1.35017470492635,0,-5.76347554912159,NA,-4.38690221948266,0.113176812513043,0.524917149916291,"Sarah - 6",9,-2.54452835087042,0.104215179570019
0.212695350103896,1,-2.48960945167655,1334459367249045248,-1.09083806938698,6.65652013199613,3.54215086903423,"Emily - 26",1,-5.11631764213831,2.56733035109937
0.504251056339549,0,-4.90038767199921,NA,-1.78648143800904,0.595683613732064,2.75463443435729,"Johnny James Yogurt Jr - 2",9,-1.57025939584045,2.87888014130294
2.1579279466457,1,-4.51025062863093,1.80344028384514,1.26625949199895,0.0857665374195644,3.55294744577259,"Amelia - 1",9,-0.734435020420881,3.48477895092219
0.284028822822628,1,-2.65619080354885,NA,-0.896200264361958,5.03910809239058,3.56456207390875,"Marcel the Shell - 72",9,-8.49827405211661,1.98173436988145
3.62729643459175,0,-3.18367771113138,18347.6805880046,-0.229053809322107,1.88677122254761,2.73275700490922,"Thor - 0",9,0.46808011508892,1.8551284186542
1.7229281431666,0,-4.15285253331952,1151.02763911755,0.218965394350878,1.14627194229111,2.79225827660412,"Bobo - 2",9,1.50444162242861,0.235657054930925
11.646792007372,0,-3.4824438279422,16330389398051.1,-1.78136905675025,5.38554057447136,2.93837795592844,"Moose - 28",1,-5.32385761303252,0.0808431589975953
0.636066900431757,0,-4.13673671406054,57171748.0939733,1.30862919779129,3.0412344490429,3.80830573942512,"Marcel the Shell - 1",1,1.13187822208453,0.643574495799839
0.0539450279070905,0,-1.73395842257747,220136657.953894,-2.38291015346823,3.09557775681369,2.13010559417307,"Cory - 140",1,-11.8424555828692,0.08446682151407
2.99094650624014,1,-1.19863040249668,NA,-2.38779278755222,8.29121445749138,2.24190104659647,"Johnny James Yogurt Jr - 248",1,-15.7531794112296,1.17848191596568
0.025496695607012,0,-1.42116031392083,NA,-2.8622260615007,0.209006040815292,1.92002176679671,"Jacqueline - 222",9,-14.898356944646,0.968050864525139
21.3011041150104,0,-3.94615653632636,NA,-0.823354626632369,5.10965716347205,3.63494217582047,"Zach - 54",1,-7.37049472925862,1.15498989541084
0.13585518555124,0,-3.7580179346243,NA,-2.29867417199334,0.600757116088328,2.03682899102569,"Bobo - 162",9,-12.7451372696494,0.070548833347857
5.25871512765905,1,-5.22947745424689,NA,-2.77373345213582,4.61097384565249,1.81986074522138,"John - 220",1,-14.8332203406125,1.67165765911341
6.39082405550106,0,-3.51118164049016,NA,-0.816915939456731,7.61793742911233,3.68962448369712,"Johnny James Yogurt Jr - 197",1,-14.0473631173928,2.21945777442306
8.69440362164907,1,-2.10906533513472,12835981362456714,-2.35331801052231,7.32593702232441,2.45758050959557,"Henry - 112",1,-10.5860434931756,2.07973819505423
0.2596634677349,0,-2.62372792014583,9.81222237328218,-2.12482431112418,0.366627569243555,0.43874956201762,"Alice - 1",9,0.728330415188068,2.37625129427761
4.26297796041121,0,-3.77058428322306,0.0126822787622054,-3.18081109456082,-0.762301968846389,1.14954244345427,"John - 275",9,-16.5703437163124,3.04447572026402
2.90046638820487,1,-4.0601480572124,NA,-1.33892939896637,1.55364534162037,3.15525498334318,"Moose - 5",9,-2.22935289659875,2.90070698224008
12.4026794460751,0,-2.20882835249746,NA,-1.15455682182418,5.73758135663907,3.33211505878717,"Curious George - 180",1,-13.4312726536064,1.28191344160587
0.639047273317788,0,-4.1196929889463,2872697.55292922,-1.72166175349107,3.63415173834402,2.054548506625,"Curious George - 0",1,-0.38652626615272,2.15211392752826
7.33987685098569,0,-2.69092314048156,12918017.9096229,-1.29750275152968,2.82412664091516,3.38528529554605,"Bobo - 67",1,-8.20558668641915,1.17116680927575
1.15487844050021,1,-2.08343048968328,7826695.42348314,-3.96864793839572,2.3054617742666,0.860613009892404,"Francine - 287",9,-16.934110478393,1.83623446896672
10.1762216295854,1,-4.86344108706865,NA,0.750439354469465,6.20183685834804,3.54235485848039,"Cory - 0",1,0.0540267785443246,0.164403374306858
0.77475798895569,1,-3.16291976314623,NA,-3.07975796215902,4.26559475276652,1.61579391174018,"Jacqueline - 50",1,-7.0746451529678,1.89878817088902
70.2777992696944,0,-2.69244332620069,NA,-2.68996623406539,3.69893737571584,2.24242536816746,"Francine - 4",1,-2.07483263425777,3.96286852657795
183.218609800916,1,-4.19245754879849,109274.84213023,-2.31400548875506,1.96961684324461,1.92853247001767,"Henry - 375",9,-19.3685486931164,3.58033991325647
2.08160368613246,0,-1.87733904297067,0.22634713257829,-1.28903103222181,-0.217203884812616,3.28338046744466,"Henry - 365",9,-19.1110337235236,1.76781032513827
8.76340321479318,0,-3.93477812245455,7.00685900583546e+21,-4.29815767527374,7.55373613301165,0.110911679454148,"Henry - 8",1,-2.7442016864318,2.72138809598982
0.155286050876008,0,-1.7302188399244,87043153979471.2,-1.95115257939984,5.05409469966606,1.95297482144088,"Alice - 1",1,-0.87911309177167,0.631190599873662
0.520437734483069,1,-3.34933456105332,5547369430832803840,-3.48945750157421,7.40329986148156,1.22679745219648,"Curious George - 19",1,-4.30139434652481,0.909090535715222
55.4242081526539,1,-1.85275602044255,100169042228629344,-2.77125003051548,6.02529576086422,1.56321923341602,"Francine - 79",1,-8.86332742103665,1.43849508464336
2.09286752398085,1,-3.14747325340013,NA,-1.99613838074823,7.54083100056895,2.45817672461271,"Thor - 4",1,-1.98435651300722,2.95006928406656
15.6639306616589,0,-4.32491944304219,100282926918.3,-2.39295642462946,3.95283529415557,2.061313662678,"Orion - 14",9,-3.79238841704454,2.28141740337014
10.4851668826803,1,-2.31265117413645,NA,-4.72255152750623,2.2949027087513,0.363135161809623,"Zach - 5",9,2.27894346510186,2.11203850619495
2462.86940138192,0,-1.77737275271728,NA,-0.784215188024115,6.69481399536551,3.95561540219933,"Jessie - 29",1,-5.41684634426156,3.60861782357097
0.140774969007892,1,-2.33237349785978,NA,-3.4495233328901,8.61001283308068,1.17019048985094,"Marcel the Shell - 66",1,-8.10461628432802,0.0389265827834606
43.6251516027766,1,-2.01680497015435,NA,-2.13000100021011,6.40142620995061,2.31993218977004,"Marcel the Shell - 70",1,-8.37237052839857,0.396567801944911
345.608939401473,1,-2.40197871345333,NA,-2.23279122891529,5.48569256203222,2.43401565682143,"John - 73",1,-8.52149597854922,0.936317062936723
4.06341553006092,1,-4.65345768516338,NA,-1.33446694765406,5.84500638835972,3.333834849298,"Henry - 55",1,-7.42850256612327,1.6987124895677
10.3968455100716,0,-3.90038694398668,420843.191831968,-2.08992928276247,2.83833804140209,2.39421322382987,"Olivia - 31",9,-5.55775565393078,2.33446810208261
0.167998497880398,1,-1.95307177762685,8.63676487430806e+22,-4.49881958252403,9.35691492057192,0.30506276525557,"Bobo - 210",1,-14.4815364174754,3.72698413394392
17.8230841328649,0,-2.93557658997576,NA,-0.817503476436041,8.56334158267036,3.69502663984895,"Zach - 38",1,-6.15019882846094,0.365371141582727
0.876668648721893,1,-1.57394783692755,26079920333.703,-0.801269900591871,7.3775049354029,3.66287729050964,"Zach - 504",1,-22.4471402281596,1.50898830406368
0.402288142297281,1,-2.23020654919635,NA,-2.57395769262654,4.32002562779076,1.27961002383381,"Francine - 1",1,-0.747367067027002,2.39811209589243
42.441779733365,1,-6.41088380096068,4024581.36143369,-0.950969092061948,2.63884457565857,3.5795817784965,"Ferris - 2",9,-1.4107206899667,2.5715957172215
0.492846728689582,1,-1.626273666898,NA,-2.65331860664891,4.16536379262818,2.02170947659761,"Emily - 198",9,-14.0871033582506,2.44535048957914
6.19892184029282,0,-2.07841300575782,NA,-2.61360181054906,1.70367789285697,2.11728065647185,"(-<U+203F><U+203F>-) - 78",1,-8.84296582421474,0.730350024998188
0.262460028644989,1,-3.16912439796501,241426485.186886,-4.06954015715855,2.88700065737048,0.403909455984831,"Bobo - 6",1,-2.44765625329777,1.95069409627467
0.436463834866511,0,-3.53615552719007,680546268780769280,-2.28355624609155,7.21875794657207,2.53660908993334,"Amelia - 113",1,-10.6135759633752,1.05762601736933
7.67594634370287,1,-4.61516799025474,0.390213240139732,-4.08412801183833,-0.154172927482926,0.610344759188592,"Sarah - 2",9,-1.57930939655703,0.695561879314482
616.290077875105,1,-2.3310388740301,NA,-3.12707051130794,-0.653179264668826,1.48990386072546,"Moose - 111",9,-10.5352236221209,1.80799650587142
0.893861459434085,0,-3.0490506361246,0.511175361745535,-3.5097587690915,-0.115337262018469,1.08529885858297,"Jacqueline - 3",9,-1.59261844824527,3.35454770829529
0.865649480582513,0,-3.80782913996553,NA,-2.33926410079356,0.837204075151947,2.3975629452616,"Emily - 22",9,-4.72708048865949,1.77562886942178
0.169657802040048,0,-3.74122496771912,NA,-3.74497987936962,2.44387939944426,1.77016662620008,"(-<U+203F><U+203F>-) - 6",9,2.36670747634594,0.0718769999220967
11.461521757273,0,-2.46079982105169,NA,-4.21964882671015,2.15785475420799,0.384311466477811,"S C Kennedy - 93",9,-9.64193686054397,3.9709956003353
2.24248337942913,1,-1.6008305321498,NA,-2.28395142439888,3.03309313962908,2.44723494816571,"John - 24",9,-4.89792638644933,2.60644870437682
0.927888184075223,1,-1.64429472993109,56186208850518960,-3.0343464641743,5.64241297299544,1.42787992116064,"Ferris - 99",1,-9.95464714770909,3.34273300506175
68.0755931046934,1,-5.07448112725733,NA,-3.14653754901869,1.45137490891312,1.36175813898444,"Kystystal - 48",9,-6.95726624836077,1.72884122468531
35.3386789691371,0,-1.54442149319798,NA,-4.03649446820105,6.13039449855924,0.722373409196734,"Jacqueline - 443",1,-21.039519324616,0.471988594159484
7.91532248729967,0,-4.19431317561248,112123358.22813,-1.48801771238773,3.17830431713692,3.23424709867686,"Francine - 148",9,-12.1618385521903,1.5231616217643
46.0947024236019,1,-1.37422786074042,5.27469811490419e+21,-2.43649080747804,8.65915554564443,2.00276115443558,"Sarah - 30",1,-5.48980630965804,0.0495775807648897
2.38661284806338,0,-3.38631634192783,NA,-2.32668415838771,1.73926208775031,2.42125461436808,"Alice - 35",9,-5.90365586395422,0.127427865751088
10.7777644350444,1,-2.75711022795947,0.956011986701243,-3.91886689612928,-0.00759998044963905,0.731108997017145,"Moose - 264",9,-16.2518027299494,0.875427786260843
13.7785043673127,1,-2.97050682342361,192720402.981956,-4.13507237263011,3.13920927369102,0.576436134055257,"Kystystal - 1",9,-1.01992027291201,1.4049911396578
1.10114600665704,0,-3.49378402663142,2178821278.36166,-3.61977826918059,3.84380126945477,1.09599497355521,"Ferris - 63",1,-7.95309354477387,3.12075270805508
27.8683359126017,0,-2.36255109168779,1.56798623448803e+21,-0.517308519642008,8.24849300872909,3.94252663571388,"Bobo - 137",1,-11.6873967065789,0.106515961699188
172.754732410953,1,-4.46397125099232,NA,-3.04059221630738,0.540472476672911,1.37150844745338,"Kystystal - 224",9,-14.9697449735212,1.00101840868592
3.88290089404675,1,-3.77460769949535,NA,-1.79255936861158,4.4385087859812,2.86701606400311,"Jacqueline - 33",9,-5.7608516658708,1.89558804687113
0.733848056886279,1,-2.22133066201181,NA,-3.38544833303812,7.17486598646505,1.15174769237638,"Amelia - 377",1,-19.4095209411126,2.84884411934763
0.169992221557835,0,-4.02891405317845,9958471.03512439,-0.474356495029422,4.25707527650619,2.60512949898839,"Moose - 1",1,-0.92506721671466,3.41658276412636
1.80424737643853,1,-4.11504610895889,425322.514985992,-3.73866160624012,2.55992231446668,0.837633308954537,"Sarah - 123",9,-11.0982617977942,1.06931132078171
3.79600188439501,0,-2.28237252626495,1.71144460697289,-2.29411429760433,0.0923023001953086,2.33733207639307,"Olivia - 200",9,-14.1456420627843,1.21527872607112
1.2675537386712,1,-4.04257525107412,NA,-0.940544535853302,7.65054737861517,3.6078284047544,"Thor - 43",1,-6.57482901386542,2.64867325406522
6.90124652358636,1,-1.0993334182675,25463.5223551455,-0.587114935997072,1.50672176789378,3.65929514914751,"Thor - 59",9,-7.65243997597996,1.70455820206553
10.8824887646615,0,-2.36403699803863,NA,-1.44463998044499,7.03659013051976,3.13411067798734,"Orion - 45",1,-6.70381305204495,3.18599064741284
1.28281148977457,1,-4.87241960849047,NA,-1.97414339713648,-1.30724233871007,2.86539501603693,"Francine - 45",9,-6.74434833565592,2.94644309673458
4.56363961218234,1,-3.29252353099466,NA,-1.93777678006302,0.500294372927018,2.73357376549393,"Big Max - 196",9,-13.982343746542,3.30770659260452
42.8741572186085,0,-2.66759705637808,6.21762270727195e+27,-2.52499400699904,9.33301178660225,2.08672617841512,"Big Max - 13",1,-3.54492286208773,0.685186856426299
126.895739329337,0,-2.74035741148487,196865745154633088,-3.65603665177667,6.14594917681312,1.05596613232046,"Emily - 19",1,-4.36514614686099,1.94713037088513
1.26247994674175,1,-3.4366477352405,NA,-3.82955859546844,7.2252394926639,0.796057258732617,"Henry - 144",1,-11.9999278295738,0.0428184093907475
988.657087667045,1,-2.8667332016337,41977117633598.3,-3.43880917973088,6.14787330524714,1.01221305783838,"S C Kennedy - 10",1,-3.22212541291686,1.66320255957544
51.7310735392947,0,-3.6705265467269,3839.04121022984,-0.845391011858077,1.48641203919894,3.78000151272863,"Johnny James Yogurt Jr - 22",9,-4.66301658973392,1.7047670846805
0.207724819620328,1,-4.45834178294661,NA,-2.42130274428828,6.56119247232133,2.30939364340156,"Sarah - 4",1,-2.05414850604171,0.904105277732015
3.37493152252082,0,-3.20111131033318,2160747181801.29,-3.76324996200634,4.29079642520954,0.78371468000114,"Curious George - 105",1,-10.2480950579644,0.177663615904748
94.3242496148656,0,-2.92796922708666,504570556188948736,-1.89421183193022,5.95847209008718,2.73859122116119,"Zach - 189",1,-13.765636365079,3.61251993197948
0.305936462721134,0,-1.7218911369459,NA,-2.24667938548883,3.96572357998277,1.05545716080815,"Cory - 1",1,-0.892530269198093,3.10722021665424
62.1406131982209,1,-1.08466472513322,1183166730.59315,-1.37096214523267,3.30834512774736,3.27009698748589,"Thor - 149",1,-12.1960178898923,0.204111251980066
3.25051610445963,1,-4.83002564492338,0.000202866529193613,-1.24161966782041,-1.24740004204259,3.53765826765448,"Cory - 204",9,-14.2977996963778,2.52444765809923
0.33576851275577,1,-4.66043654141873,NA,-0.944873326547413,3.89506181626182,3.76587549317628,"Sarah - 327",1,-18.0797193935525,1.58426539693028
0.250979443760106,1,-2.54752801248481,113534057884.689,-2.21498669384179,4.22600557894082,2.68677278514951,"Moose - 167",1,-12.9236986448542,2.17998066917062
1.39572661736659,0,-4.36257176814062,NA,-0.961550672848229,2.08753301433101,3.6065920451656,"Henry - 51",9,-7.15026553974869,3.71947485394776
2.11138963747095,1,-2.30135837564784,7100336539998645,-1.84169500348485,5.82399417494209,2.63948275055736,"Jessie - 87",1,-9.33460251797865,1.72147796116769
3.08127189053681,0,-2.88318698252543,341179.49857463,-4.47156659768403,1.88774505010394,0.0765549428761005,"Alice - 224",9,-14.9772287891214,0.601033959537745
1.14166428937904,1,-4.39487857605157,NA,-4.40956412738406,2.79640485021026,0.146012351848185,"Cory - 155",1,-12.4385351040589,3.39443913754076
0.718725685249266,1,-1.98452235326987,NA,-1.4763739598193,6.48538380490693,3.15221317484975,"Francine - 289",1,-17.0024905161127,2.81950032990426
147.955842753541,0,-3.61741682071234,NA,-1.93902818452784,5.94816704872271,1.96659838128835,"Marcel the Shell - 0",1,-0.28278594132194,0.326994832605124
7.67806677658803,1,-2.77713350342083,7.04291183692671e+24,-3.49972269991339,8.89509237240904,0.916218001395464,"Jacqueline - 50",1,-7.06261792179218,3.32198266778141
40.6596257156891,1,-2.46747507046584,NA,-0.956398835978272,5.38321318736052,3.70549333840609,"Francine - 207",1,-14.3779082271962,1.07785247359425
0.034411432470851,1,-2.63723145559043,NA,-4.26519885066116,8.90288471284451,0.345597507432103,"Jessie - 22",1,-4.71788912798044,0.526582115329802
21.3239760903989,0,-3.44000424326119,4910751966721.78,-3.50882142079235,5.168130252838,1.06103823054582,"Henry - 155",1,-12.4490677448728,3.79085340537131
0.501344321500918,1,-3.9855375168928,644340441080552,-2.45467041267075,6.31778392858011,2.08466483280063,"Orion - 67",1,-8.17153184693347,1.64948384463787
4.90917212863196,1,-3.84616003309906,0.183887899787893,-3.73078545373021,-0.250921815795415,1.01519143767655,"Thor - 196",9,-14.0018854146191,0.211200742982328
8.75589925194469,1,-3.84222572848889,NA,-0.924944187145696,7.31437228370109,3.49188120383769,"Amelia - 279",1,-16.6924076671024,3.14687488228083
0.953034795151147,0,-2.07887109866564,NA,-3.01941076301348,2.20470392262459,1.34527125954628,"Curious George - 1",9,1.05163875014187,2.70934283453971
0.221191770619876,0,-3.20523835795216,236.717920236929,-2.16764971506439,1.10078906985221,2.48472484201193,"Jessie - 249",9,-15.765830885151,2.33139842934906
2.65708461129528,1,-5.29881029173108,14.7579690279267,-1.3594291208875,0.659317171962119,3.33021871186793,"Thor - 9",9,-2.99331963144647,0.889384378679097
5.1521372120988,1,-3.34198078435152,NA,-2.56985087377879,8.84071668729057,2.21599221881479,"Cory - 36",1,-6.02662078145752,2.312444915995
1.28362969784299,0,-1.21401585890727,3.11265204607834e+26,-1.04988712292993,8.94472318162804,3.86990333069116,"Big Max - 53",1,-7.26488816937038,1.83186234999448
0.11165023930579,1,-3.430022972454,65104911155543.9,-3.3845151839958,6.03858276061571,1.04182038828731,"Orion - 109",1,-10.435714143763,2.58984974492341
0.350380741149422,0,-10.9237264000885,NA,-2.82171371820417,-0.673572679962234,1.79226555023342,"Alice - 155",9,-12.4399911177584,2.03300173208117
3.1508681433173,1,-3.87759608341274,34.5072284740835,-2.74950190947352,0.515263409493872,1.68323680665344,"(-<U+203F><U+203F>-) - 6",9,-2.52000702168379,2.74603037722409
1.86784364571929,1,-5.47086889229404,NA,-0.577018986194222,-0.600421300504278,1.9762057820335,"Zach - 0",9,0.657334950047244,0.29057849291712
0.430216950223167,1,-2.65901840549931,NA,-2.08911537064752,-0.104527556615331,2.53059244249016,"Francine - 10",9,-3.10791195430374,2.87681252323091
1.59515326271777,0,-1.04348921650482,NA,-4.28601741352792,7.93976991899838,0.159387418068945,"Orion - 11",1,-3.34144357714471,0.185704788193107
0.720747528228401,0,-4.9320511889738,NA,-4.08418159589553,-0.163060934412206,0.660130143165588,"Alice - 22",9,-4.68800626548103,2.2305988073349
4.27547719334911,0,-2.00919273083971,NA,-3.04657333836197,0.0184342823253142,1.5351780327037,"Cory - 4",9,-1.96421749474186,3.57298988848925
8.20574529570397,0,-3.00956447855292,236041307602660,-1.41284741886024,5.9814955558159,3.45312524493784,"Alice - 6",1,-2.36399511589939,2.06861922424287
0.00866473239146393,1,-3.28961113940194,1.13474934232363e+22,-2.30651285647012,7.44851167446524,2.2726507242769,"Amelia - 24",1,-4.87533272360132,2.51475710142404
1.58790004127947,1,-3.87522467861561,NA,-2.5107557405956,6.36887261829842,1.87587384134531,"Zach - 4",1,-1.99670818774467,1.03174719400704
3.02146439220221,1,-3.41994036286821,NA,-1.96383913185832,5.84439683610137,1.62171852495521,"Jessie - 2",1,1.48088950619058,3.52980981487781
29.7918382815456,0,-3.83837535202278,154.69251482397,-0.983072730428958,3.54763083337437,3.97536677587777,"Zach - 584",1,-24.1723919964446,3.05558742955327
7.40675882233533,1,-3.61845840168973,NA,-2.24844259771669,2.80137367744936,2.48590201325715,"Orion - 71",9,-8.41347266140525,3.52232610248029
0.0641623474957736,1,-2.27765664336347,NA,-1.23012488593564,0.0933309174002055,3.25090409722179,"Henry - 39",9,-6.2316313104872,1.61503274459392
105.879041540465,1,-4.05544897234677,1555959.00793515,0.0879378406814677,2.76744021421796,3.06783447507769,"Curious George - 1",9,1.01988778142626,1.64343101717532
0.988885187336582,0,-1.07825241445053,NA,-1.09984277340558,8.74617822656946,3.54254908580333,"Olivia - 117",1,-10.811288249611,2.5832659592852
67.4813791020991,0,-4.09652973745388,NA,-1.85066605862905,3.2458920546589,2.92661618627608,"S C Kennedy - 484",1,-21.9945426581826,2.08620481658727
63.9776464749544,0,-3.68153596074212,915379417162301568,-1.60191857380736,6.66315843611637,2.96286674775183,"Jacqueline - 78",1,-8.84893395705452,0.294085077941418
67.8869804868913,1,-1.79928225863477,NA,-3.38094558332854,4.79088921335859,1.3197656814009,"Francine - 403",1,-20.0850911132054,3.88530630618334
199.375988790692,1,-2.47073692125335,51558746.4448308,-3.01271400492759,2.68664362767822,1.60155080910772,"Jessie - 193",9,-13.908952939698,1.47670587711036
28.8059382916848,1,-4.73979563139353,19282158161.012,-2.81415274026399,3.5943742944377,1.90699829347432,"Jessie - 40",1,-6.31825993385021,1.79926737491041
593.928296274107,0,-3.89289501378173,42608589781355.4,-3.85692138263885,8.26410958431454,0.673414684832096,"Olivia - 327",1,-18.0827409784033,3.27387463580817
0.48392114163332,1,-2.01297820440457,NA,-4.51649334568217,-0.375161384003731,0.275090929120779,"S C Kennedy - 700",9,-26.453114243902,1.9343680543825
0.332435535590823,1,-3.299782610302,1.22031883485725e+23,-2.39433605383446,8.4077486809644,2.26485112309456,"Thor - 456",1,-21.3483372468004,2.56898642703891
2.4991398592898,0,-2.43161008216518,76047197368.1884,-0.880111697204319,4.08841645669279,3.86430415231735,"Amelia - 269",1,-16.3908693523523,0.188323403708637
26.3271521153108,1,-2.27035069549582,152.618274763675,-2.73795345517179,1.06229799792205,1.87982285954058,"S C Kennedy - 33",9,-5.70623713793972,3.40802980959415
163.93512419674,1,-3.91480764237838,108958431385768864,-2.27357534121167,5.83792709020465,2.09966338612139,"Emily - 32",1,-5.6421249896525,3.51548132114112
41.5588139078373,1,-2.63621458507996,18.2559912209138,-1.50302451806639,0.827651822773214,3.02177770063281,"Cory - 267",9,-16.3253483197451,0.90696560125798
12.0262882351559,1,-3.12283210545616,NA,-2.71308399916435,-0.931926221165799,2.1058193622157,"Cory - 9",9,-2.95294219199672,3.33392196986824
2.49818655904175,0,-6.9603109554595,145.658411699881,-4.10828941094756,0.730041217481034,0.733367781154811,"Jessie - 10",9,-3.16952576133947,3.29329594690353
312.869493244668,1,-4.45531998101018,NA,-3.06207473148402,2.11289988790929,1.61797563359141,"Thor - 256",9,-16.0038661987505,2.27768911328167
1.22735715166034,0,-1.60702075888092,5.00010603452366e+24,-3.92978135351974,9.02904034401023,1.10399764403701,"Olivia - 114",1,-10.674923760912,1.11615374963731
47.3777968541393,1,-2.38899105856979,NA,-1.41230363804455,0.852560195889539,3.38231789879501,"Big Max - 55",9,-7.4248230538482,3.90033956989646
1.24999835239559,1,-2.45238755325457,NA,-3.82894557083611,5.63434963030807,0.586009565740824,"Johnny James Yogurt Jr - 19",1,-4.34899024729014,0.431850819848478
26.5682333657023,0,-3.48950946444296,NA,-1.06330333840815,5.49503619202116,3.57382391300052,"Jessie - 5",1,-2.25695875477966,0.894268548116088
60.4017308949819,0,1,NA,-2.7581674104533,4.73528769017823,1.89519502501935,"Zach - 134",-2.84795427695084,-11.5609759169491,1.18627689126879
1.21862174435667,1,-4.6501901058372,NA,0.218311336658269,8.49373029547736,2.92139904387295,"Johnny James Yogurt Jr - 0",1,-0.327887487071506,0.602558206766844
4.64252218295165,1,-4.33572120507529,52946768487785200,-2.25293592258796,7.48012726242743,3.46754436288029,"Olivia - 5",1,2.30972083427607,0.724331635981798
85.78504348416,0,-3.54756095097395,NA,-2.85686260232901,5.25672650994695,2.00126232765615,"S C Kennedy - 255",1,-15.964332851937,1.08592267148197
2.18644581543318,1,-2.93167321005857,2.51489614140934e+23,-2.3762172872879,8.25720086564201,2.12370188161731,"Johnny James Yogurt Jr - 30",1,-5.4624859795659,1.55167254712433
12.1503980578341,0,-1.28848324948198,0.0975497117606755,-1.93845041471559,-0.343016021877482,2.51513878628612,"Cory - 280",9,-16.745179977375,0.97646879311651
149.273028982286,0,-2.80676816606444,NA,-1.52867793487761,3.15375562573466,3.15843448601663,"Johnny James Yogurt Jr - 189",1,-13.7339171536528,1.0130435526371
5.95393233284698,0,-1.84421498732468,5653118510.30696,-1.53535614270228,3.72718534028086,2.80105770565569,"Emily - 7",1,-2.60292832761116,1.71322031319141
0.756751525584465,1,-1.9597489483419,3.35530442778565e+22,-3.68905368590444,7.63679934494926,0.954985491931438,"Sarah - 94",1,-9.69420574109822,1.12967155687511
32.1360576238071,0,-6.75749495288057,2.70862863719117,-4.00247067313687,0.23031547598417,0.662914836779237,"Marcel the Shell - 117",9,-10.7963211753076,3.32392340060323
0.892271446375532,0,-2.55846489741286,NA,0.0156266432171233,8.31999264903661,2.72068334929645,"Sarah - 3",1,1.61087304557155,3.85945655312389
1.04861385330421,0,-4.15037204766036,27760343999.5648,-3.27354264720274,3.87332751938975,1.23387156426907,"Zach - 7",1,-2.66339187495696,2.7398980082944
4.43566643032157,1,0.476845256995555,NA,-2.01646684478321,1.64157172180435,2.4357583373785,"Moose - 267",9,-16.3291816143715,3.28549816086888
6.64882356343709,0,-3.00024512880908,258670551215768160,-3.27280463860129,7.639089729167,1.24621082376689,"Kystystal - 211",1,-14.53417528729,1.93053844477981
122.231015265812,1,-4.14849459270692,0.000441442745352822,-2.94958528942503,-1.41372718649837,1.58258381485939,"Henry - 22",9,-4.66190534890925,1.12601613253355
1.69823457493745,0,-3.78976061804291,11.6814071014388,-0.907318796355939,0.387847601986198,3.50986164342612,"(-<U+203F><U+203F>-) - 18",9,-4.23076549605767,2.53901829011738
19.1300507533766,1,-3.25991520701425,6899064908869.17,-3.53039756088434,4.53128457618463,1.10694593004882,"Amelia - 9",1,-2.95706425810837,2.91927710734308
107.565994876753,0,-2.99308281804857,157899784592230304,-1.95170187598966,6.93607575114563,2.47875075787306,"Zach - 80",1,-8.93355622480785,2.74569868948311
1.36774300390087,0,-2.8343920371362,46545261764.2013,-1.36084743647269,3.82130695294804,3.22003240603954,"Zach - 400",1,-19.9875108993679,3.26395084429532
7.98361095728059,1,-4.42454124207695,NA,-1.91882543519154,0.905257698415188,2.80732025951147,"Alice - 53",9,-7.27128668323653,1.61827947106212
5.99131123761865,1,-2.08149335315011,NA,-3.15396459516485,-0.223444316306993,1.46518719568849,"Ferris - 22",9,-4.67979905076635,2.93050649389625
12.3414888756986,1,-4.62440925792484,NA,-3.50346237818838,8.06385421125256,1.06652178987861,"(-<U+203F><U+203F>-) - 36",1,-6.01994613825196,0.256145203486085
7.12059775860513,1,-2.74157733011462,11236524.9914536,-1.11853633267358,2.98200068752045,3.3333241622895,"Henry - 25",1,-4.98156557580265,2.38423542119563
1.30261921889463,1,-2.89273271024092,1.76816372635829e+22,-2.20557915559182,7.88152347098201,0.472247167490423,"Ferris - 0",1,-0.393042963679577,0.984749258495867
10.7146740015625,1,-3.00974047616974,NA,-2.63013732638482,6.98237992294909,1.96135368384421,"Amelia - 33",1,-5.78050952594913,1.89291444141418
2.85832318782829,1,-4.36401025462832,NA,-3.84721921387382,-0.285204299946763,0.789154630154371,"Orion - 142",9,-11.9079431039775,0.802417542785406
1.73061912708464,0,-3.820960863191,22365.4999275715,0.450140626581884,2.25551634119841,3.37764748558402,"Jacqueline - 0",9,-0.202883816684302,0.128406269475818
122.001180672682,0,-3.46920504588938,NA,-2.03209876010778,0.183321048807609,2.77956821024418,"John - 983",9,-31.3463950622524,1.57176101859659
0.802797001988089,1,-2.83392723201015,3507224414400.27,-3.39971380750343,6.74832682605022,1.25318931508809,"S C Kennedy - 80",1,-8.93627257184183,2.63616197090596
0.559923941907431,1,-2.02639972717956,NA,-3.26361013578298,5.60212112073314,1.24503488000482,"Orion - 29",1,-5.41322580048021,1.10098654869944
436.185419583736,1,-2.58164970331743,2.14196617249154e+23,-3.50972561507779,7.79430862845807,1.04002911783755,"Cory - 35",1,-5.94366785932281,3.92468566633761
5.92891081628278,1,-1.82422357633634,186388.389826101,-2.1032297265395,2.1368406338979,2.62040503788739,"Alice - 32",1,-5.6405583230717,3.62993521522731
28.4414807024365,0,-2.31651880015867,NA,-3.86110340208975,7.41924792627652,0.766148398630321,"Cory - 4",1,-2.03405329892364,1.12707642093301
1.19589200580311,0,-3.88382626336487,NA,-1.45945492878617,3.50006775973027,2.72020436171442,"Henry - 1",1,0.925188266360271,3.92354126647115
4.02907028505858,1,-2.56596587645379,NA,-1.29407914770218,7.32216563705683,3.2162906313315,"Thor - 4",1,-2.02991298852414,1.61483850423247
1.5607470551242,1,-3.24067869721964,NA,-2.78005113748745,-0.1383570576699,2.00565229635686,"S C Kennedy - 11",9,-3.27185662879725,2.6235245577991
0.026042540570953,1,-4.47902834359569,NA,-1.12956479701428,6.47764608921018,3.60804063174874,"Johnny James Yogurt Jr - 11",1,-3.36313597729163,0.0949207758530974
10.882721995206,1,-4.9195361669976,NA,-0.768028744436197,4.4799895029821,3.87424916960299,"John - 69",1,-8.30306969477336,3.94221715629101
0.117135438064928,1,-3.96886040367441,NA,-4.54715323697088,5.67988431778569,0.0819105468690395,"Orion - 162",1,-12.7258469597887,0.901217407546937
419.544314261619,1,-3.54836894113053,15771787395801733120,-2.4843128755261,7.63667292735287,1.8900950467214,"Zach - 64",1,-7.99386793353582,1.50303654000163
161.810284945744,1,-2.6934677272947,NA,-2.61573967393946,3.46553456280233,2.03132199589163,"(-<U+203F><U+203F>-) - 9",9,-3.02783197907441,0.316863676533103
5.56358291899838,0,5.51019525662321,NA,-2.70933708711606,7.2338076996768,1.8473663944751,"Cory - 172",1,-13.1146403908686,3.11466871760786
0.287062927032207,0,-4.34913897095652,4.0630743086299e+20,-4.93664656287151,7.9580454232963,0.622044262476265,"Marcel the Shell - 4",1,2.05661663578057,1.68401496857405
285.937046986265,1,-1.86964547118442,14658.6040923504,-2.12268040638176,1.4857523410113,2.52619086671621,"Francine - 27",9,-5.23405494984218,0.844481274485588
0.0112325768768948,1,-10.9220512991011,NA,2.00796209691654,2.53236881405814,3.93113605771214,"Johnny James Yogurt Jr - 1",1,0.804797858523232,0.13753480091691
18.4653441353321,0,-4.24542046534953,34420.4968977488,-3.1695403670344,1.70452153047617,1.58724056836218,"Henry - 28",9,-5.30488187644734,0.881473194807768
3.671173012511,1,-2.02952631869347,NA,-2.87929944062935,1.485077220349,1.79511489439756,"Amelia - 14",9,-3.69305195788922,1.54827675782144
4.10252204581186,1,-2.52154138599431,NA,-1.47328406834348,5.68756404633863,3.31475579924881,"Moose - 97",1,-9.83927480992141,0.560396270826459
13.1537874976636,0,-3.37743235328838,3717108.07098239,-0.987933769769786,2.48025571554146,3.49828864075243,"Marcel the Shell - 62",9,-7.90065759780605,1.63196034170687
5.35425585692572,1,-2.94104797363277,NA,-0.899611193178885,1.35555841934711,3.66502089425921,"Alice - 1164",9,-34.1157532159696,0.415144070982933
0.589212187271682,1,-2.87287404656672,NA,-3.3456768839666,5.31110454971998,1.23967809975147,"Moose - 95",1,-9.75534986848529,0.185653872787952
702.053762426613,0,-4.10047346713446,2.88741141079923,-3.80701573380452,0.156390433317896,0.938875238411129,"Orion - 13",9,-3.63325033755574,2.78262431360781
1.49613787340397,1,-1.88510646208399,103036722.273946,-4.066266873734,2.7626589946515,0.481670133769512,"John - 86",9,-9.29392473933136,3.0724138468504
14.7503986564403,0,-4.09205118485288,1761939175580744192,-4.15913601398063,8.16711489017479,0.414943897165358,"Sarah - 103",1,-10.1516680231513,1.51512073818594
0.483329242581719,1,-3.72641818523717,29781609742.5593,-2.58245338135394,4.16854382129556,1.8053097743541,"Johnny James Yogurt Jr - 4",1,-1.96747204050507,3.69557753577828
5.991132375493,0,-1.93913070972894,NA,-1.75755690175192,8.33521517780789,3.02628009207547,"Curious George - 80",1,-8.93802051736382,2.8051729965955
0.473460214952178,1,-4.34001330834115,2.75429441102089e+24,-4.45608811309134,8.30936354580052,0.0846048220992088,"Henry - 347",1,-18.6243422481668,1.5348703591153
61.3571474065487,0,-3.11360820053652,24426324717377.2,-0.786745922086132,4.72916117948942,3.79003822430968,"S C Kennedy - 8",1,-2.80475083154431,0.753196364268661
8.03714988106948,0,-2.40589372895413,0.275904685760407,-1.47895737073794,-0.228061376362038,1.15454764477909,"Alice - 4",9,1.95401356090746,1.97852589376271
0.0495581581484867,1,-2.86289823434308,NA,-2.91422372089747,4.69230818686448,1.74017704837024,"Moose - 1",1,-1.02765025076198,3.55642261728644
32.6394658800657,1,-5.38091828879371,1203923173.9016,-3.29303867473783,4.00516656370044,1.26470333058387,"Jessie - 48",1,-6.94801694912408,2.2270539291203
43.7668146996934,1,-4.51720600858376,NA,-2.68896717762495,7.80700497870364,1.66415293049067,"Ferris - 21",1,-4.63635650800554,1.70364218391478
0.524891432658995,1,-3.26506962790069,82100279.3808273,-1.1972301014251,2.83160826981522,3.1985757034272,"Jessie - 369",1,-19.2037185762383,3.14432837534696
0.498322516420278,1,-2.80565066866342,NA,-3.45282947791633,-0.0474367433215156,1.06136352289468,"Jacqueline - 16",9,-3.99238288139542,2.7865575812757
12.6516654054103,0,-2.75316828683739,NA,-3.21962825374261,8.25979944107975,1.4805351914838,"Bobo - 86",1,-9.29705329497301,3.97496255580336
3.64886491293442,0,-2.55296207606542,2329161166070533,-3.1770822235532,5.28828614734134,1.31469968520105,"Francine - 106",1,-10.283126792652,2.15539002977312
6.36524876383918,1,-1.49921480777745,13986.1152778697,-4.12283889698689,2.69051900693971,0.508288528770208,"Alice - 224",9,-14.9800717812469,1.50167217757553
0.00836009851693501,1,-2.11158016034795,234169607.419833,-4.5309624088773,4.73326119549107,0.0829382268711925,"Thor - 16",1,-4.04471583006164,3.75353370420635
3.36065285280814,0,-2.43727784041394,1.28710144674261,-1.4508876259412,0.0372736089018179,3.1933815870434,"Kystystal - 225",9,-15.0062884693958,1.28614151105285
0.257812195546626,0,-2.54246907435392,NA,-1.70397276208361,2.60403249981683,2.84722891077399,"(-<U+203F><U+203F>-) - 18",1,-4.19515890449169,2.66473473515362
123.028857217416,1,-3.30551715320358,NA,-2.99770454606248,2.54136401451684,1.6837214641273,"Jacqueline - 53",9,-7.29640162973921,2.09746489673853
1.20643612474781,0,-5.34822975943896,NA,-2.06088174285686,-0.0537949473863872,2.74795936699957,"Cory - 896",9,-29.9348984189412,0.875626584514976
282.777754131889,0,-2.00155553444668,0.236065547590058,-2.54234399470166,-0.240655516375891,2.02594902180135,"Francine - 37",9,-6.11434749628251,0.151236370205879
71.2866873892565,0,-4.2050811240572,196217.205257499,-0.423070475579678,1.89488628616356,3.95994815044105,"Zach - 95",1,-9.74766132953538,0.524088381789625
5.40309173633023,1,-3.4759974028317,NA,-4.37891467304239,3.6078529800203,0.0504766004160047,"John - 21",1,-4.59039248361461,1.22701655421406
417.381653506586,0,-2.36239312558578,0.178351426402063,-3.49293033770926,-0.397565083358533,1.23116747755557,"Olivia - 241",9,-15.5122211994836,2.88486444111913
2.40176203605181,0,-2.65818275605914,25860.1007480629,-3.43010258418165,1.49003738002773,1.28450518473983,"(-<U+203F><U+203F>-) - 31",1,-5.56419461072067,2.42138698883355
26.6510181512911,0,-3.11927134877843,16380481591263360,-4.14079168594138,5.93436293294371,0.525553156621754,"Bobo - 25",1,-5.02182466701957,0.359918545931578
59.0092092492918,1,-3.49171930154322,3889544251923524608,-1.89062748756238,7.45102329847839,2.75156808178872,"Marcel the Shell - 106",1,-10.2729540005963,2.01319714449346
5.33561147576062,1,-3.00863783417946,NA,-2.97901798223772,4.16601826475338,1.71503781341016,"Orion - 59",1,-7.68278820608687,1.84117623697966
1030.56231814191,1,-2.76264748413512,2.94298614978809,-1.35051054526624,0.279840333766355,3.2141696382314,"Big Max - 9",9,-3.07119926730298,1.12442013155669
2.35904297333917,1,-3.01484638522951,NA,-1.72051373501879,8.57668615092306,2.74693197757006,"Francine - 21",1,-4.58127723314421,3.592135659419
317.060629010927,0,-4.34077856319432,45797254422989112,-0.926773749609275,5.61760471624829,3.66237753350288,"Orion - 211",1,-14.535650579778,0.331561660394073
1.12487710364313,0,-2.49610729513771,NA,-1.32370348273053,6.73733195156605,3.10556907486171,"Big Max - 69",1,-8.31076748225232,0.554514924064279
11.3483650779792,0,-3.55675660279435,NA,-1.78252856706045,4.41591149401344,2.57693223562092,"Cory - 3",1,-1.87025839124479,0.952578317373991
18.912243493982,0,-3.74625734065057,1437932655497834,-4.37364673486951,6.68834717331032,0.261892455630004,"Emily - 73",1,-8.5475301272764,2.12880572117865
5.95381743109413,0,-3.93979143063116,NA,-1.3631689383578,1.95962404947654,3.33738331962377,"Francine - 51",9,-7.14787504203183,3.20022677164525
0.15856588792824,0,-2.62849773854037,NA,-3.39401279938402,7.82772269587194,1.41666669677943,"Francine - 115",1,-10.7066295242372,2.97627353388816
54.7042089966737,0,-2.45513805437371,NA,-0.708564343543676,7.80352831494929,3.74670156743377,"Bobo - 52",1,-7.22102247184154,3.84334432054311
1.01046951304158,1,-3.92546465380261,46029475197035080,-3.1043277399361,5.71602147391357,1.43712285161018,"Amelia - 77",1,-8.77520142895953,3.51187050249428
3.13623256287244,0,-2.55737381979385,NA,-1.25048202900502,8.85809419375236,2.97315909340978,"Jacqueline - 241",1,-15.527693750165,3.19481835607439
3.60240071095792,0,-3.73417247026978,NA,0.0351157162931699,-0.781141032404405,3.24046206753701,"Orion - 0",9,-0.258041647365183,2.96169628109783
5.5841301696319,1,-0.409060714599245,2631968905905036,-3.8902514726457,5.23575588816139,0.803327606990933,"Orion - 80",1,-8.94639972258292,0.639375715516508
12.654972975693,0,0.492055123289793,NA,-4.10437393169465,9.40259870011127,0.69238577503711,"Moose - 82",1,-9.04969049955689,0.807604492641985
0.439792286442155,0,-1.01428884802923,NA,-2.79082413692889,7.80235502859353,1.83268343936652,"Thor - 80",1,-8.93856233764356,3.63301461562514
0.727522962930764,1,-1.85084459549328,0.207706394720695,-3.02206531019408,-0.298734797836665,1.71202491410077,"Thor - 116",9,-10.7883352387432,3.54221675079316
37.3649128860993,1,-1.99046935433642,0.325209289418267,-2.57335901697913,-0.164124258474813,1.99704252462834,"(-<U+203F><U+203F>-) - 69",9,-8.30948905447621,1.74754788167775
16.9006368706791,1,-2.85669732253321,0.167070484124977,-2.44107422396018,-0.26642268050223,2.24722443521023,"Moose - 86",9,-9.29602784856803,0.255990135483444
13.0156135254186,1,-1.19919893217714,93484018.4942175,-2.24438694130581,2.74642106064907,2.29355191253126,"Bobo - 1",9,-1.05459617560628,2.19559010025114
53.1332101557796,1,-3.46028942551415,NA,-4.0864287883936,1.36325164894727,0.767068663612008,"(-<U+203F><U+203F>-) - 245",9,-15.6525213851049,0.175450242124498
1.15023941294615,1,-4.09056028798951,NA,-3.35052868103382,3.46899369812173,1.23258122708648,"Curious George - 140",9,-11.8335027736936,0.360720238648355
0.748429620686855,0,-3.1719902346141,NA,-1.82849238341313,0.35340202008231,2.830615863204,"Henry - 59",9,-7.68691502927055,3.68499638605863
